insert into lockdown values ('Daily', '22:00', '05:00', 7);
insert into lockdown values ('Weekend', '13:00', '05:00', 3);
insert into lockdown values ('Total', '00:00', '24:00', 7);


INSERT INTO city (ID, name, country, current_lockdown) VALUES
('012', 'Hong Kong', 'China', 'Total'),
('013', 'Whuan', 'China', 'Total'),
('016', 'Yunnigo', 'China', 'Total'),
('112', 'Philadelphia', 'US', 'Weekend'),
('113', 'Washington', 'US', 'Daily'),
('733', 'Las Vegas', 'US', NULL),
('ADAN', 'Adana', 'Turchia', 'Weekend'),
('AVI', 'Avila', 'Spagna', 'Weekend'),
('BAR', 'Barcelona', 'Spagna', 'Weekend'),
('BOR', 'Bordeaux', 'Francia', NULL),
('CRAK', 'Cracow', 'Polonia', 'Daily'),
('CT', 'Catania', 'Italia', 'Daily'),
('DESD', 'Dresda', 'Germania', NULL),
('DIG', 'Digione', 'Francia', 'Daily'),
('DORT', 'Dortmund', 'Germania', 'Total'),
('IST', 'Istanbul', 'Turchia', 'Daily'),
('IZ', 'Izmir', 'Turchia', 'Daily'),
('KIELC', 'Kielce', 'Polonia', 'Daily'),
('LA', 'Latina', 'Italia', NULL),
('LIO', 'Lione', 'Francia', 'Daily'),
('LISB', 'Lisboa', 'Portogallo', 'Weekend'),
('LZ', 'Lodz', 'Polonia', 'Daily'),
('MAD', 'Madrid', 'Spagna', 'Total'),
('ME', 'Messina', 'Italia', 'Daily'),
('MI', 'Milano', 'Italia', 'Daily'),
('NA', 'Napoli', 'Italia', 'Weekend'),
('NIZ', 'Nizza', 'Francia', 'Weekend'),
('NY', 'New York', 'US', NULL),
('PA', 'Palermo', 'Italia', 'Weekend'),
('PORT', 'Porto', 'Portogallo', 'Daily'),
('PPL', 'Pamplona', 'Spagna', 'Total'),
('REN', 'Rennes', 'Francia', 'Daily'),
('RO', 'Roma', 'Italia', 'Total'),
('STR', 'Strasburg', 'Francia', 'Daily'),
('TRAB', 'Trabzon', 'Turchia', 'Daily'),
('VIGO', 'Vigo', 'Spagna', NULL),
('WW', 'Wolfsburg', 'Germania', 'Total');


INSERT INTO history_lockdown (ID, city, lockdown, start_date, end_date) VALUES
(1, 'CT', 'Daily', '2020-12-01', '2020-12-24'),
(2, 'CT', 'Daily', '2020-03-01', '2020-04-24'),
(5, 'PA', 'Daily', '2020-12-01', '2020-12-24'),
(6, 'NA', 'Daily', '2020-12-01', '2020-12-24'),
(7, 'RO', 'Total', '2020-12-01', '2020-12-24'),
(8, 'RO', 'Total', '2020-11-01', '2020-11-24'),
(9, 'RO', 'Total', '2020-10-01', '2020-10-24'),
(10, 'LA', 'Total', '2020-10-01', '2020-10-24'),
(11, 'MI', 'Total', '2020-12-01', '2020-12-24'),
(12, 'STR', 'Total', '2020-12-01', '2020-12-24'),
(13, 'BOR', 'Weekend', '2020-03-09', '2020-04-19'),
(14, 'LIO', 'Weekend', '2020-12-01', '2020-12-24'),
(15, 'DIG', 'Daily', '2020-12-01', '2020-12-24'),
(16, 'REN', 'Daily', '2020-12-01', '2020-12-24'),
(17, 'NIZ', 'Daily', '2020-12-01', '2020-12-24'),
(18, 'AVI', 'Weekend', '2020-12-01', '2020-12-24'),
(19, 'BAR', 'Weekend', '2020-12-01', '2020-12-24'),
(20, 'BAR', 'Weekend', '2020-08-08', '2020-08-11'),
(21, 'MAD', 'Total', '2020-12-01', '2020-12-24'),
(22, 'PPL', 'Total', '2020-12-01', '2020-12-24'),
(23, 'DORT', 'Total', '2020-03-01', '2020-04-24'),
(24, 'DESD', 'Total', '2020-11-01', '2020-11-07'),
(25, 'WW', 'Total', '2020-12-01', '2020-12-24'),
(26, 'PORT', 'Daily', '2020-12-01', '2020-12-24'),
(27, 'LISB', 'Daily', '2020-12-01', '2020-12-24'),
(28, 'CRAK', 'Daily', '2020-12-01', '2020-12-24'),
(29, 'LZ', 'Daily', '2020-12-01', '2020-12-24'),
(30, 'KIELC', 'Daily', '2020-12-01', '2020-12-24'),
(31, 'VIGO', 'Daily', '2020-06-01', '2020-06-24'),
(32, 'IZ', 'Daily', '2020-12-01', '2020-12-24'),
(33, 'IZ', 'Total', '2020-04-01', '2020-04-24'),
(34, 'IZ', 'Weekend', '2020-04-25', '2020-05-24'),
(35, 'IST', 'Daily', '2020-12-01', '2020-12-24'),
(36, 'ADAN', 'Daily', '2020-12-01', '2020-12-24'),
(37, 'TRAB', 'Daily', '2020-12-01', '2020-12-24'),
(38, '012', 'Total', '2020-12-01', '2020-12-24'),
(39, '013', 'Total', '2020-12-01', '2020-12-24'),
(40, '016', 'Total', '2020-12-01', '2020-12-24'),
(41, 'NY', 'Daily', '2020-09-01', '2020-09-24'),
(42, '733', 'Weekend', '2020-09-01', '2020-09-24'),
(43, '112', 'Daily', '2020-12-01', '2020-12-24'),
(44, '113', 'Daily', '2020-12-01', '2020-12-24'),
(45, 'PPL', 'Total', '2020-12-25', '2020-12-26');


INSERT INTO person VALUES
(118, 'Luke', 'Anthony', '1972-06-18', 'libero.dui@Fusce.co.uk', '4280 Ut St.', NULL, NULL, '012'),
(119, 'Chester', 'Cunningham', '2000-06-07', 'et.commodo.at@eros.com', '146-1936 Fermentum St.', NULL, NULL, 'CT'),
(120, 'Hayfa', 'Lloyd', '1952-02-12', 'montes@euismod.co.uk', 'P.O. Box 244, 8303 Lorem Rd.', NULL, NULL, 'ME'),
(121, 'Ann', 'Wooten', '1988-04-06', 'tristique.ac@rutrumFusce.com', 'Ap #627-5361 Eu Avenue', '2020-06-17', 'Yes', 'IST'),
(122, 'Fleur', 'Rodriquez', '1957-12-13', 'at.augue.id@lacus.co.uk', 'Ap #327-7493 Purus, Road', NULL, NULL, 'LA'),
(123, 'Sierra', 'Hoover', '1967-06-14', 'lectus.sit.amet@luctusaliquet.com', 'P.O. Box 347, 2292 Per St.', '2020-06-17', 'Yes', '016'),
(124, 'Chava', 'Gillespie', '1997-10-29', 'ac.urna.Ut@odioauctorvitae.co.uk', '727-3232 Nulla. Ave', '2020-08-07', 'Yes', 'TRAB'),
(125, 'Zachary', 'Guthrie', '1979-12-25', 'fames.ac.turpis@Inornaresagittis.org', '362-2626 Cursus Rd.', NULL, NULL, 'NA'),
(126, 'Hasad', 'Mosley', '1980-11-12', 'faucibus.lectus@malesuada.ca', '3609 Adipiscing Street', '2021-03-17', 'No', 'MI'),
(127, 'Eugenia', 'Gonzales', '1973-02-02', 'Integer.vitae.nibh@Donecconsectetuermauris.edu', 'P.O. Box 878, 9369 Penatibus A', NULL, NULL, 'CRAK'),
(128, 'Guy', 'Cox', '1968-10-30', 'In.ornare@aliquam.edu', '870-5362 Feugiat Rd.', NULL, NULL, 'TRAB'),
(129, 'Tyrone', 'Floyd', '2004-01-06', 'amet.ultricies@orciluctus.net', '6347 In St.', NULL, NULL, '112'),
(130, 'Sean', 'Stout', '2001-07-30', 'commodo.ipsum@Cras.ca', '3945 Dui. Road', NULL, NULL, '112'),
(131, 'Sonia', 'Sykes', '1984-04-06', 'sagittis.augue@adipiscing.co.uk', '2880 Molestie Rd.', '2021-06-17', 'Yes', 'PA'),
(132, 'Ivor', 'Pennington', '1989-09-01', 'id@posuereenim.net', 'P.O. Box 254, 8342 Rutrum Rd.', '2021-06-01', 'No', 'TRAB'),
(133, 'Stacy', 'Gonzales', '1988-12-08', 'elit.fermentum.risus@feugiatLorem.co.uk', 'P.O. Box 503, 5336 Morbi Rd.', NULL, NULL, 'BOR'),
(134, 'Sasha', 'Bass', '1983-03-19', 'eu.dolor@Integertinciduntaliquam.org', 'Ap #378-309 Tincidunt, Rd.', NULL, NULL, 'BOR'),
(135, 'Glenna', 'Santiago', '1962-11-20', 'leo.elementum@euismod.ca', '934-9066 Lobortis Street', NULL, NULL, 'STR'),
(136, 'Zeph', 'Bryan', '1970-10-27', 'enim.non.nisi@ac.org', 'P.O. Box 180, 2966 Blandit Str', '2020-05-18', 'Yes', '113'),
(137, 'Cameron', 'Love', '1982-08-18', 'pede@egestasblandit.co.uk', 'Ap #451-5715 Nullam Rd.', NULL, NULL, 'NA'),
(138, 'Calvin', 'Talley', '1990-12-08', 'est.mauris.rhoncus@libero.ca', '6775 Sem Road', NULL, NULL, 'LIO'),
(139, 'Otto', 'Shepherd', '1962-02-05', 'ante.iaculis.nec@Etiamlaoreet.org', '231-9075 Id, Ave', NULL, NULL, '733'),
(140, 'Phillip', 'Schroeder', '1959-11-06', 'lacus.Quisque@nectempus.com', 'Ap #809-4951 Rhoncus Avenue', '2021-01-17', 'No', 'CRAK'),
(141, 'Odysseus', 'Frazier', '1949-11-24', 'aliquam@augue.edu', 'Ap #871-179 Egestas, St.', '2020-09-19', 'Yes', 'DESD'),
(142, 'Allen', 'Woodard', '1958-10-04', 'malesuada@sapienCras.edu', '4303 In Road', '2020-12-17', 'Yes', 'NY'),
(143, 'Ronan', 'Sullivan', '2006-07-17', 'aliquet@Uttinciduntvehicula.ca', '102 Arcu. Rd.', NULL, NULL, 'IZ'),
(144, 'India', 'Carpenter', '1996-12-25', 'ultrices@Cras.co.uk', 'P.O. Box 309, 9160 Feugiat Str', '2020-05-07', 'No', 'BOR'),
(145, 'Colleen', 'Blair', '1949-10-22', 'scelerisque.dui@elitEtiam.net', 'P.O. Box 354, 8623 Nec, St.', NULL, NULL, 'DORT'),
(146, 'Hayfa', 'Clemons', '1989-06-25', 'hymenaeos.Mauris.ut@etipsum.org', '148-5634 Magna Road', NULL, NULL, 'IST'),
(147, 'Xena', 'Bonner', '1999-10-22', 'Donec.porttitor.tellus@Integer.org', 'Ap #929-5940 Gravida Road', NULL, NULL, 'NA'),
(148, 'Inez', 'Bridges', '1985-02-18', 'bibendum.sed.est@sapienimperdietornare.net', 'Ap #514-1257 Tristique Ave', '2021-02-17', 'No', 'PA'),
(149, 'Kirby', 'Barr', '1954-02-03', 'in@laciniaSed.com', '9083 Tortor, St.', NULL, NULL, 'LIO'),
(150, 'Xenos', 'Heath', '1977-10-31', 'ac@arcuVestibulum.org', 'Ap #964-4262 Sit Street', NULL, NULL, 'NY'),
(151, 'Rinah', 'Burgess', '1991-02-15', 'Maecenas.iaculis@sodales.com', 'Ap #301-4034 Dolor Street', NULL, NULL, 'DIG'),
(152, 'Cade', 'Tyson', '2006-10-16', 'sit.amet@aauctornon.ca', '4807 Magna. Avenue', '2020-09-02', 'Yes', 'MAD'),
(153, 'Tucker', 'Bishop', '2001-04-30', 'purus.gravida@quis.net', '806-9232 Eget, St.', NULL, NULL, 'AVI'),
(154, 'Tara', 'Farley', '1996-11-10', 'magna@ipsumsodales.edu', 'P.O. Box 590, 9835 Pharetra, S', NULL, NULL, 'NIZ'),
(155, 'Sopoline', 'Marshall', '1972-09-21', 'ac.mattis@eu.co.uk', 'Ap #149-1056 Arcu. Rd.', NULL, NULL, 'NIZ'),
(156, 'Shafira', 'Stanton', '1951-08-30', 'enim.condimentum@etmagnis.net', 'Ap #182-3953 Donec St.', NULL, NULL, 'REN'),
(157, 'Upton', 'Mann', '1991-11-27', 'urna@nibhAliquam.org', 'P.O. Box 601, 2215 Vel St.', '2021-01-01', 'No', 'MAD'),
(158, 'Ciaran', 'Richards', '1989-12-08', 'tincidunt.pede@eget.edu', 'Ap #444-3624 Consectetuer Road', '2020-07-28', 'No', 'CRAK'),
(159, 'Gavin', 'Hardy', '1992-07-06', 'neque.pellentesque.massa@libero.com', 'P.O. Box 745, 4695 Dictum St.', NULL, NULL, 'LZ'),
(160, 'Igor', 'Hurley', '1965-02-02', 'laoreet.posuere@dignissim.net', 'Ap #784-6666 Quam Avenue', '2020-04-17', 'Yes', '016'),
(161, 'Kenneth', 'Sosa', '1989-01-22', 'volutpat.nunc.sit@Praesent.com', '3665 Sit Rd.', NULL, NULL, 'ME'),
(162, 'Marny', 'Mullen', '1995-02-22', 'facilisis.facilisis.magna@ut.net', 'Ap #360-1815 Auctor Rd.', NULL, NULL, 'WW'),
(163, 'Jenna', 'Roman', '1999-07-03', 'quis.urna@sedpede.ca', '4690 Sed Road', NULL, NULL, 'CRAK'),
(164, 'Myra', 'Flynn', '1989-12-09', 'dapibus@Morbi.com', 'Ap #964-4500 Sed Ave', NULL, NULL, 'BAR'),
(165, 'Shannon', 'Marquez', '1976-12-08', 'lobortis.quis@necante.ca', '587-3566 Suspendisse St.', NULL, NULL, 'STR'),
(166, 'Julian', 'Ayala', '1961-04-16', 'dignissim.Maecenas@pellentesque.net', 'Ap #134-6005 Imperdiet Road', NULL, NULL, 'MAD'),
(167, 'Bertha', 'Pugh', '1978-12-02', 'quam.dignissim.pharetra@mollisnec.net', 'P.O. Box 131, 1313 Non, Rd.', NULL, NULL, 'DORT'),
(168, 'Lucius', 'Aguilar', '2001-07-15', 'cursus.luctus.ipsum@amet.com', 'Ap #928-4627 Eu Av.', NULL, NULL, '013'),
(169, 'Willa', 'Barrera', '2001-04-19', 'Donec@enim.ca', 'Ap #169-213 At Rd.', NULL, NULL, 'NA'),
(170, 'Whoopi', 'Short', '1975-06-18', 'rhoncus@lectus.com', 'P.O. Box 898, 9766 Mauris Stre', '2020-12-17', 'Yes', 'WW'),
(171, 'Shaine', 'Castro', '1962-12-17', 'diam.dictum@anteiaculis.co.uk', 'P.O. Box 983, 6232 Tempus Aven', '2020-12-31', 'Yes', 'PA'),
(172, 'Ursula', 'Merritt', '1952-11-12', 'mollis@lorem.edu', '233 Aliquet St.', NULL, NULL, 'IST'),
(173, 'Joseph', 'Velasquez', '1976-02-26', 'dolor@Morbineque.net', 'P.O. Box 640, 250 Nec Rd.', NULL, NULL, 'PORT'),
(174, 'Lester', 'Bolton', '1960-01-22', 'mi.pede.nonummy@Maecenasornareegestas.com', '390-6889 Elit Ave', NULL, NULL, 'WW'),
(175, 'Kylynn', 'Wise', '2004-10-30', 'gravida.sit@dictumPhasellusin.ca', 'P.O. Box 297, 4091 Neque Rd.', '2021-02-18', 'Yes', 'NIZ'),
(176, 'Hollee', 'Solomon', '1949-06-26', 'luctus@euismodurnaNullam.edu', '1060 Cras Ave', '2020-09-01', 'Yes', 'WW'),
(177, 'Angelica', 'Ferrell', '1951-07-06', 'luctus@sociis.ca', '4861 At, Rd.', NULL, NULL, 'ME'),
(178, 'Xandra', 'Reeves', '1964-06-28', 'molestie.arcu@massa.edu', '225-1521 Velit St.', NULL, NULL, 'DIG'),
(179, 'Graiden', 'Mcleod', '2000-10-13', 'euismod.mauris@pede.co.uk', '1419 Egestas. Avenue', '2020-09-19', 'Yes', 'DORT'),
(180, 'Emerson', 'Gamble', '1988-01-24', 'Quisque.purus@Fuscefermentum.co.uk', '384-8892 Varius. Street', '2020-06-30', 'No', 'KIELC'),
(181, 'Madonna', 'Spence', '1952-09-25', 'Morbi@convalliserat.org', 'P.O. Box 770, 3243 Dolor Avenu', NULL, NULL, 'DIG'),
(182, 'Linus', 'Shepard', '1969-07-25', 'eu.dui@sed.org', 'P.O. Box 355, 4575 Morbi Ave', NULL, NULL, 'LA'),
(183, 'Selma', 'Ellison', '1975-08-20', 'molestie@nec.net', 'Ap #340-5699 Lacinia Rd.', '2020-05-01', 'Yes', 'MAD'),
(184, 'Nathan', 'Mccormick', '1954-09-17', 'dolor.Fusce.feugiat@sociisnatoque.org', 'P.O. Box 781, 5143 Egestas Ave', '2021-05-02', 'Yes', 'PORT'),
(185, 'Aphrodite', 'Combs', '1949-07-14', 'faucibus.orci@tincidunt.co.uk', 'P.O. Box 972, 300 Cum Street', NULL, NULL, 'IST'),
(186, 'Gregory', 'Leon', '1987-01-27', 'vitae.dolor@gravidamauris.net', 'P.O. Box 800, 8570 Porttitor S', NULL, NULL, 'ADAN'),
(187, 'Kaye', 'Sanford', '1958-03-30', 'lacinia.Sed@rhoncusidmollis.edu', 'P.O. Box 589, 4466 Donec St.', '2021-06-24', 'Yes', 'LA'),
(188, 'Gay', 'Young', '1964-10-15', 'a@aliquetodio.net', 'Ap #987-1612 Placerat Street', '2020-07-11', 'No', 'DESD'),
(189, 'Dorothy', 'Becker', '1960-08-13', 'eu.enim@ac.net', 'P.O. Box 655, 6975 Nisl. St.', NULL, NULL, 'AVI'),
(190, 'Cecilia', 'Riddle', '1982-12-03', 'Aliquam@velit.net', '450-7467 Placerat Rd.', '2020-09-03', 'Yes', '016'),
(191, 'Tobias', 'Hall', '2001-09-17', 'posuere@dictum.edu', 'Ap #436-9909 Eget St.', NULL, NULL, 'LIO'),
(192, 'Hyatt', 'Wilkerson', '1998-10-22', 'feugiat.tellus@malesuadaaugueut.edu', 'Ap #208-8362 Morbi Road', '2020-03-17', 'Yes', 'MI'),
(193, 'Jerry', 'Livingston', '1961-01-04', 'primis.in.faucibus@nectempusscelerisque.co.uk', 'Ap #853-824 Eget Rd.', NULL, NULL, 'ME'),
(194, 'Quinlan', 'Camacho', '1988-11-25', 'convallis@cursus.com', 'P.O. Box 271, 4668 Molestie St', '2020-04-17', 'Yes', 'CRAK'),
(195, 'Ayanna', 'Irwin', '1953-04-14', 'risus.Donec@cursusluctus.co.uk', 'Ap #323-8092 Amet, St.', NULL, NULL, 'BOR'),
(196, 'Sean', 'Daniel', '1952-05-25', 'gravida.Praesent@sollicitudinamalesuada.ca', '936 Dolor Av.', '2020-09-30', 'No', 'ADAN'),
(197, 'Karen', 'Hayes', '1977-06-14', 'est.ac.facilisis@Phasellus.org', '3236 Quam, Ave', NULL, NULL, 'MAD'),
(198, 'Hayes', 'Powell', '1949-12-13', 'tellus.id@placerataugueSed.net', 'P.O. Box 289, 4169 Elit, St.', '2021-02-28', 'Yes', 'DESD'),
(199, 'Brenna', 'Vinson', '1957-09-30', 'arcu.imperdiet.ullamcorper@doloregestasrhoncus.ca', 'P.O. Box 826, 1611 Aenean Ave', NULL, NULL, 'IST'),
(200, 'Suki', 'Young', '2004-10-21', 'Duis.a.mi@musAenean.org', '292-1273 Porttitor Street', NULL, NULL, 'ADAN'),
(201, 'Quamar', 'Tanner', '1972-04-02', 'Suspendisse@commodoipsumSuspendisse.com', '421-8245 Nonummy Ave', '2020-08-17', 'Yes', '016'),
(202, 'Lester', 'Rodriguez', '1992-04-18', 'gravida.Praesent.eu@elementumsemvitae.edu', '3942 Sollicitudin Av.', '2020-11-17', 'Yes', '112'),
(203, 'Ira', 'Alexander', '1991-02-14', 'elit.Nulla@lectus.net', '2019 Nam St.', NULL, NULL, 'NIZ'),
(204, 'Zachery', 'Decker', '1979-12-03', 'tincidunt@erat.edu', '5736 Sed Ave', '2020-06-23', 'Yes', 'LA'),
(205, 'Echo', 'Daniel', '1986-08-08', 'Vivamus.nisi.Mauris@fermentumvel.co.uk', '4228 Leo. Road', '2020-12-04', 'No', 'REN'),
(206, 'Jerome', 'Sawyer', '1949-03-24', 'at@Duisrisus.co.uk', 'Ap #668-4983 Vulputate St.', NULL, NULL, 'LZ'),
(207, 'Lucian', 'Sharp', '1972-12-28', 'Curabitur.vel.lectus@imperdiet.ca', '701-8566 At, Ave', NULL, NULL, '113'),
(208, 'Elijah', 'Hester', '1997-09-11', 'magna@Phasellusataugue.edu', '396-3428 Ante. Rd.', NULL, NULL, '013'),
(209, 'Steven', 'Soto', '1960-05-08', 'mattis.velit.justo@necimperdiet.com', '6967 Cursus Road', '2020-07-22', 'No', 'CRAK'),
(210, 'Aladdin', 'Rivas', '1987-05-31', 'dictum.magna.Ut@atarcuVestibulum.edu', '621-192 Morbi Avenue', '2021-03-07', 'Yes', 'ME'),
(211, 'Cooper', 'Haney', '1959-01-03', 'dis.parturient.montes@eget.org', '4622 Non, Ave', NULL, NULL, 'ME'),
(212, 'Fritz', 'Weiss', '1987-10-09', 'mauris@nequesed.org', 'Ap #654-6360 Et St.', '2020-08-30', 'Yes', 'TRAB'),
(213, 'Emily', 'Hopkins', '1962-06-16', 'ultricies@sedorci.org', 'P.O. Box 711, 3728 Risus. Av.', '2020-05-27', 'Yes', 'TRAB'),
(214, 'Elliott', 'Hill', '1985-10-16', 'sit.amet@Maecenasmifelis.com', '158-1369 Nisi Rd.', '2020-12-07', 'Yes', 'IST'),
(215, 'Xenos', 'Potter', '1995-07-09', 'non.justo@sedsapien.com', 'Ap #474-9791 Mauris, Rd.', '2020-06-17', 'No', 'DORT'),
(216, 'Hilary', 'Yang', '1951-12-22', 'dui@enimnec.org', '222-1034 Magna Av.', NULL, NULL, 'RO'),
(217, 'Lisandra', 'Simmons', '1985-12-21', 'enim@consectetuermaurisid.net', 'Ap #384-4068 Nec St.', '2020-06-17', 'No', '013'),
(218, 'Andrea', 'La Greca', '1959-09-09', 'shvfw@gmail.com', 'Via A.Gagini', NULL, NULL, 'CT'),
(219, 'Michele', 'La Greca', '1998-03-28', 'miky@gmail.com', 'Via A.Gagini', NULL, NULL, 'CT'),
(220, 'Alfio', 'Lombardo', '1991-04-18', 'kkAS@gmail.com', 'Via Sassi', NULL, NULL, 'CT'),
(221, 'Giovanni', 'Petrarca', '1973-02-11', 'oqoiso@gmail.com', 'Viale Mario Rapisardi', NULL, NULL, 'CT'),
(222, 'Michele', 'La Greca', '1998-03-28', 'miky@gmail.com', 'Via A.Gagini', NULL, NULL, 'CT'),
(223, 'Inigo', 'Arrauco Collazo', '1998-06-16', 'inigo6@Maecenasmifelis.com', '158-1369 Nisi Rd.', NULL, NULL, 'VIGO'),
(224, 'Claudia', 'Gaglione', '1998-11-09', 'claudia@gmail.com', 'Estora Rd.', NULL, NULL, 'PPL'),
(225, 'Federico', 'Lo Bianco', '1998-10-16', 'flb@business.com', 'Praio do Conc 89', NULL, NULL, 'LISB');


INSERT INTO staff (CF, code, specializzation, work_years) VALUES
(118, 731500, 'Infermiere', 2),
(120, 731514, 'Guardia Medica', 14),
(121, 731497, 'Guardia Medica', 7),
(124, 731494, 'Infermiere', 27),
(128, 731490, 'Infermiere', 7),
(129, 731493, 'Infermiere', 14),
(130, 731513, 'Guardia Medica', 12),
(131, 731515, 'Guardia Medica', 8),
(132, 731518, 'Medico', 28),
(137, 731505, 'Medico', 19),
(138, 731520, 'Medico', 30),
(139, 731510, 'Ausiliario', 22),
(140, 731492, 'Infermiere', 15),
(145, 731501, 'Medico', 8),
(147, 731495, 'Guardia Medica', 14),
(149, 731498, 'Infermiere', 12),
(153, 731496, 'Infermiere', 2),
(159, 731516, 'Guardia Medica', 7),
(163, 731511, 'Medico', 6),
(165, 731489, 'Guardia Medica', 21),
(174, 731523, 'Guardia Medica', 6),
(178, 731504, 'Medico', 8),
(186, 731506, 'Medico', 14),
(187, 731507, 'Ausiliario', 26),
(189, 731499, 'Infermiere', 26),
(190, 731509, 'Ausiliario', 18),
(193, 731508, 'Medico', 22),
(194, 731525, 'Guardia Medica', 24),
(196, 731527, 'Infermiere', 28),
(206, 731502, 'Medico', 7),
(208, 731524, 'Guardia Medica', 2),
(210, 731503, 'Guardia Medica', 27),
(213, 731491, 'Guardia Medica', 25);


INSERT INTO patient (CF) VALUES
(181),
(183),
(184),
(185),
(186),
(188),
(189),
(190),
(191),
(193),
(194),
(197),
(199),
(200),
(201),
(207),
(208),
(210),
(212),
(213),
(215),
(217),
(218),
(219),
(221);


INSERT INTO test (ID, productor, creation_date) VALUES
('2-Plex', 'Randox', '2020-03-28'),
('Anti-SARS-CoV-2_NCP', 'EUROIMMUN', '2020-04-08'),
('Lumipulse_G_SARS-CoV-2_Ag', 'Fujirebio', '2020-05-08'),
('PrimeStore_MTM', 'EKF', '2020-05-01'),
('YIG-AN-0010', 'ADS Biotec Limited', '2020-04-22'),
('YIG-GM-0010', 'ADS Biotec Limited', '2020-06-19');


INSERT INTO test_info (ID, tipology, analysis, mode, nominal_efficacy, structure) VALUES
('2-Plex', 'Molecolare', 'RT-PCR', 'Naso-Faringeo', '68.01', 'Rigid'),
('Anti-SARS-CoV-2_NCP', 'Siero', 'Analisi del sangue', 'Prelievo', '75.90', 'Rigid'),
('Lumipulse_G_SARS-CoV-2_Ag', 'Siero', 'Chemiluminescenza', 'Prelievo', '81.54', 'Flexible'),
('PrimeStore_MTM', 'Molecolare', 'RT-PCR', 'Naso-Faringeo', '84.09', 'Flexible'),
('YIG-AN-0010', 'Siero', 'Analisi del sangue', 'Prelievo', '82.59', 'Flexible'),
('YIG-GM-0010', 'Siero rapido', 'Analisi del sangue', 'Prelievo', '66.30', 'Flexible');


INSERT INTO developing_team (ID, name) VALUES
('09DHJ', 'Eindhoven University of Technology'),
('111SS', 'Munich COVID19 COVID19 centre'),
('3FJHD', 'Houston Medicine for COVID19'),
('74DSS', 'MIT Research Centre'),
('78BSJ', 'Atlanta COVID19 Developement'),
('HJSCS', 'Ricerca Normale di Pisa'),
('HSCII', 'Buenos Aires medical centre'),
('JFWWO', 'Polito Ricerca'),
('KSAKL', 'Hong Kong Covid19 research'),
('LS032', 'La Sapienza Medicine Centre'),
('OIACS', 'MIT Medical Developers'),
('SING1', 'Singapore Medicine Developement');


INSERT INTO technique (name, creator) VALUES
('Cromatografia', 'Michail Cvet'),
('Dicroismo Circolare', 'Aime Cotton'),
('Elettroforesi', 'Ferdinand Friedrich Reuss'),
('Elettroporazione', 'Alfred Cazart'),
('Northem Blot', 'James Alwine'),
('Sequenziamento DNA', 'Polimi'),
('Spettroscopia', 'Isaac Newton');


INSERT INTO technique_info (name, place, test, price) VALUES
('Cromatografia', 'Laboratorio Biologico', 'Rivealare sostanza eluita', 43),
('Dicroismo Circolare', 'Laboratorio Chimico', 'Polarizzazione Luce', 63),
('Elettroforesi', 'Vuoto', 'Ellettrificazione Gomma', 23),
('Elettroporazione', 'Bolla di Greiman', 'Scarica elettrica su DNA', 443),
('Northem Blot', 'Laboratorio Chimico', 'Denaturazione RNA', 78),
('Sequenziamento DNA', 'Laboratorio Chimico', 'Terminatori di catena', 93),
('Spettroscopia', 'Vuoto', 'Diffusione e rifrazione', 11);


INSERT INTO improvement (ID, test, team, technique, improvement, improvement_date) VALUES
(63177, 'PrimeStore_MTM', 'HSCII', 'Dicroismo Circolare', '-0.14', '2020-10-03'),
(63178, 'Anti-SARS-CoV-2_NCP', 'KSAKL', 'Dicroismo Circolare', '-0.32', '2020-08-14'),
(63179, 'YIG-AN-0010', '74DSS', 'Northem Blot', '-0.14', '2020-09-03'),
(63180, 'PrimeStore_MTM', '78BSJ', 'Sequenziamento DNA', '0.89', '2020-11-13'),
(63184, 'Lumipulse_G_SARS-CoV-2_Ag', 'OIACS', 'Northem Blot', '-9.10', '2020-09-05'),
(63201, 'Lumipulse_G_SARS-CoV-2_Ag', '09DHJ', 'Dicroismo Circolare', '0.41', '2020-05-30'),
(63202, 'YIG-AN-0010', '74DSS', 'Dicroismo Circolare', '-0.59', '2020-11-04'),
(63203, 'Anti-SARS-CoV-2_NCP', 'HSCII', 'Sequenziamento DNA', '0.24', '2020-07-08'),
(63204, 'Lumipulse_G_SARS-CoV-2_Ag', 'KSAKL', 'Cromatografia', '0.41', '2020-07-30'),
(63205, 'PrimeStore_MTM', '3FJHD', 'Spettroscopia', '5.76', '2020-09-22'),
(63206, 'Anti-SARS-CoV-2_NCP', '111SS', 'Dicroismo Circolare', '0.00', '2020-10-31'),
(63207, 'YIG-AN-0010', 'HJSCS', 'Elettroporazione', '0.59', '2020-07-16'),
(63208, 'YIG-AN-0010', 'SING1', 'Sequenziamento DNA', '-0.14', '2020-04-30'),
(63209, 'YIG-GM-0010', '78BSJ', 'Sequenziamento DNA', '12.12', '2020-08-01'),
(63210, 'Lumipulse_G_SARS-CoV-2_Ag', 'JFWWO', 'Sequenziamento DNA', '0.89', '2020-10-31'),
(63211, '2-Plex', '111SS', 'Elettroforesi', '0.36', '2020-04-30'),
(63212, 'PrimeStore_MTM', 'HJSCS', 'Cromatografia', '0.56', '2020-05-27'),
(63213, 'YIG-GM-0010', 'HJSCS', 'Sequenziamento DNA', '-5.32', '2020-10-17'),
(63214, 'Anti-SARS-CoV-2_NCP', 'LS032', 'Elettroporazione', '-0.32', '2020-05-31'),
(63215, '2-Plex', 'HSCII', 'Northem Blot', '7.47', '2020-06-08'),
(63216, '2-Plex', 'HSCII', 'Elettroforesi', '-8.41', '2020-09-17');


INSERT INTO check_agency (ID, name, address, place) VALUES
(1, 'Dictum Institute', '136-969 Enim St.', 'WW'),
(2, 'Libero Est Congue PC', '9695 Diam Street', '016'),
(3, 'Massa Vestibulum Accumsan Incorporated', '131-6088 Eget, Ave', 'LA'),
(4, 'Lorem Luctus Ut Consulting', '2420 Congue, Avenue', '733'),
(5, 'Leo Cras Foundation', '1753 Arcu Street', 'PPL'),
(6, 'Nunc Foundation', 'Ap #161-4793 Blandit Road', 'MAD'),
(7, 'Magna Phasellus Dolor Associates', 'Ap #867-7752 Dictum Av.', 'PORT'),
(8, 'Non Magna Corporation', 'P.O. Box 740, 1900 Aliquet, Rd.', 'LIO'),
(9, 'Dictum Eu Limited', 'P.O. Box 960, 467 Nunc Road', 'IZ'),
(10, 'Suspendisse Aliquet LLP', 'Ap #388-6866 Semper Ave', 'DESD'),
(11, 'Euismod Et Foundation', '863-1779 Tellus, Avenue', 'MI'),
(12, 'Convallis Company', '7848 Mattis Road', '016'),
(13, 'Sed Industries', '1695 Amet St.', 'CRAK'),
(14, 'Elit Curabitur Consulting', 'P.O. Box 483, 4415 Ornare, Avenue', '112'),
(15, 'Nec Diam Duis Inc.', '772-6586 Id St.', 'PORT'),
(16, 'Duis Associates', '969-1947 Malesuada Rd.', 'WW'),
(17, 'Pharetra Ut PC', '790-506 At St.', 'REN'),
(18, 'Curabitur Consequat Lectus LLC', '1546 Sit Street', '112'),
(19, 'Quis Turpis LLC', 'P.O. Box 745, 5194 Natoque Rd.', 'DESD'),
(20, 'At Libero Morbi Industries', '843-5808 Justo Av.', '112'),
(21, 'Mus Proin Vel Company', 'Ap #335-5454 Fringilla St.', 'NIZ'),
(22, 'Pede Cras Ltd', '8156 Tincidunt, Av.', 'MAD'),
(23, 'Magna Phasellus Dolor Company', 'Ap #573-8946 Placerat Ave', 'DIG'),
(24, 'Iaculis Enim Corporation', 'Ap #360-5762 Sed Rd.', '113'),
(25, 'Per Company', '173-2724 Malesuada Rd.', 'NIZ'),
(26, 'Adipiscing Lacus Ut Inc.', 'P.O. Box 253, 5722 Quam Avenue', 'NA'),
(27, 'Consectetuer LLP', '619-1804 Tempor Street', 'BAR'),
(28, 'Metus Vitae Velit LLP', 'Ap #349-441 In Av.', 'MI'),
(29, 'Nulla Corporation', 'P.O. Box 489, 8675 In St.', 'DESD'),
(30, 'Mus Aenean Eget Consulting', '825-9762 Nec Rd.', 'CT'),
(31, 'Aliquet Magna LLC', '4511 Lacus Av.', 'NA'),
(32, 'Tempor Lorem Eget Inc.', 'Ap #219-8142 Aliquet Rd.', 'NY'),
(33, 'Ligula Donec Luctus Company', '191-1713 Velit Av.', 'AVI');


INSERT INTO hub (ID, name, place, address, tipology, check_agency) VALUES
(41, 'Cursus Nunc Mauris Hospital', 'WW', 'P.O. Box 120, 4859 Facilisis, Rd.', 'Hospital', 15),
(42, 'Sed Leo Cras Centre', '113', '838-7264 Tempus St.', 'Private Hub', 16),
(43, 'Nec Mollis Vitae', 'PORT', 'P.O. Box 964, 5672 Elementum, Street', 'Hospital', 18),
(44, 'Elit Dictum Eu Hospital', 'NY', 'Ap #129-1732 Consectetuer Rd.', 'Hospital', 1),
(45, 'Eleifend Hospital', 'IST', '686-3689 Nisl. Ave', 'Hospital', 9),
(46, 'Enim Etiam Hospital', 'NA', 'P.O. Box 241, 7038 Parturient Av.', 'Hospital', 6),
(47, 'Iaculis Odio Hospital', 'IST', 'Ap #726-7839 Sapien. Street', 'Hospital', 24),
(48, 'Ipsum', '733', '8360 Ut Rd.', 'Hospital', 4),
(49, 'Vehicula Hospital', 'PORT', 'Ap #145-8506 Sem Street', 'Hospital', 29),
(50, 'Vulputate Medical Centre', 'IST', 'Ap #775-8949 Dictum Rd.', 'Private Hub', 27),
(51, 'Sabanci Policlinic', 'IST', 'Ap #833-1414 Dignissim Av.', 'Hospital', 26),
(52, 'Lectus Convallis Policlinic', 'TRAB', 'P.O. Box 230, 9691 Pede, Rd.', 'Hospital', 28),
(53, 'Felis Centre', '016', '6533 Dui. Street', 'Private Hub', 10),
(54, 'Enim Diam Institute', 'DESD', 'Ap #751-8367 Curabitur Street', 'Private Hub', 7),
(56, 'Besiktas Hastane', 'IST', '1605 Cras Street', 'Hospital', 3),
(57, 'Aliquam Vulputate Hospital', '113', 'Ap #773-4120 Sagittis. St.', 'Hospital', 2),
(59, 'Tincidunt Neque Hospital', '113', '429-7640 Tempor Rd.', 'Hospital', 23),
(60, 'Nullam Consulting', 'NIZ', '9664 Mauris St.', 'Private Hub', 33),
(62, 'Eu Institute', 'LA', 'P.O. Box 827, 7096 Tristique Road', 'Private Hub', 32),
(63, 'Lione Hospitale', 'LIO', '929-2975 Ligula. Street', 'Hospital', 31),
(64, 'Non Limited', 'DORT', '142-5503 Sit Av.', 'Private Hub', 12),
(66, 'Policlinico della Sapienza', 'RO', 'Ap #224-7613 Sed Avenue', 'Hospital', 11),
(67, 'Lisboa Ospitau', 'LISB', '911-1748 Nulla Rd.', 'Hospital', 13),
(68, 'Semper Tellus Hospital', 'PORT', 'Ap #782-2145 Magna St.', 'Hospital', NULL),
(70, 'Urna Incorporated', '016', 'Ap #353-2849 Est. Road', 'Private Hub', NULL),
(71, 'Et Netus LLP', 'LISB', 'P.O. Box 971, 5031 Libero. Avenue', 'Private Hub', NULL),
(73, 'Fusce Hospital', 'IST', 'Ap #705-5468 Proin Rd.', 'Hospital', NULL),
(74, 'Nulla Hospital', 'WW', 'P.O. Box 280, 5358 Nullam St.', 'Hospital', NULL),
(75, 'Augue Porttitor PC', 'AVI', '1275 Nunc Ave', 'Private Hub', NULL),
(76, 'Nam Corporation', '013', '311 Nullam Road', 'Private Hub', NULL),
(78, 'Non Lorem Vitae LLP', 'AVI', '4157 Dui, Av.', 'Private Hub', NULL),
(79, 'Parturient Montes Nascetur Company', 'NY', '9173 At Rd.', 'Private Hub', NULL),
(80, 'Tempor Bibendum LLC', 'DIG', 'P.O. Box 263, 1168 Donec Av.', 'Private Hub', NULL);


INSERT INTO hub_info (Id, p_iva, tax_no_hospital, n_divisions, efficacy_emergency) VALUES
(41, NULL, NULL, 11, 90),
(42, 8721160, 5, NULL, NULL),
(43, NULL, NULL, 9, 66),
(44, NULL, NULL, 9, 79),
(45, NULL, NULL, 9, 63),
(46, NULL, NULL, 13, 69),
(47, NULL, NULL, 10, 96),
(48, NULL, NULL, 9, 91),
(49, NULL, NULL, 6, 95),
(50, 4021454, 11, NULL, NULL),
(51, NULL, NULL, 11, 68),
(52, NULL, NULL, 5, 60),
(53, 7250686, 15, NULL, NULL),
(54, 172398, 6, NULL, NULL),
(56, NULL, NULL, 11, 72),
(57, NULL, NULL, 12, 68),
(59, NULL, NULL, 12, 63),
(60, 8223648, 8, NULL, NULL),
(62, 2447955, 5, NULL, NULL),
(63, NULL, NULL, 6, 83),
(64, 5930879, 8, NULL, NULL),
(66, NULL, NULL, 5, 85),
(67, NULL, NULL, 13, 77),
(68, NULL, NULL, 6, 74),
(70, 5286234, 8, NULL, NULL),
(71, 2229480, 15, NULL, NULL),
(73, NULL, NULL, 11, 91),
(74, NULL, NULL, 9, 93),
(75, 6261925, 20, NULL, NULL),
(76, 1920707, 9, NULL, NULL),
(78, 5248788, 3, NULL, NULL),
(79, 7974956, 12, NULL, NULL),
(80, 2726398, 5, NULL, NULL);


INSERT INTO real_test (ID, tipology, staff, patient, hub, date_test) VALUES
(2, '2-Plex', 159, 181, 56, '2020-08-14'),
(6, '2-Plex', 149, 184, 67, '2020-04-19'),
(7, '2-Plex', 190, 212, 73, '2020-06-18'),
(12, 'PrimeStore_MTM', 165, 181, 66, '2020-06-14'),
(15, '2-Plex', 159, 181, 45, '2020-07-03'),
(17, 'YIG-AN-0010', 131, 218, 64, '2020-06-30'),
(18, 'Anti-SARS-CoV-2_NCP', 178, 199, 43, '2020-09-22'),
(19, 'Anti-SARS-CoV-2_NCP', 118, 184, 68, '2020-04-18'),
(20, 'Anti-SARS-CoV-2_NCP', 178, 185, 67, '2020-06-30'),
(22, '2-Plex', 190, 186, 59, '2020-05-03'),
(23, 'Lumipulse_G_SARS-CoV-2_Ag', 130, 193, 64, '2020-10-12'),
(34, '2-Plex', 139, 197, 74, '2020-05-09'),
(36, 'PrimeStore_MTM', 189, 201, 71, '2020-06-30'),
(39, 'Anti-SARS-CoV-2_NCP', 147, 186, 57, '2020-11-08'),
(41, 'YIG-GM-0010', 210, 201, 63, '2020-07-07'),
(43, '2-Plex', 145, 213, 48, '2020-05-08'),
(45, 'Lumipulse_G_SARS-CoV-2_Ag', 118, 199, 59, '2020-05-29'),
(47, 'Lumipulse_G_SARS-CoV-2_Ag', 165, 210, 43, '2020-07-09'),
(48, 'Lumipulse_G_SARS-CoV-2_Ag', 186, 207, 80, '2020-05-13'),
(52, 'PrimeStore_MTM', 193, 210, 74, '2020-12-07'),
(53, 'YIG-AN-0010', 149, 213, 60, '2020-05-09'),
(54, '2-Plex', 153, 207, 75, '2020-10-13'),
(54, 'YIG-AN-0010', 208, 191, 50, '2020-08-10'),
(60, 'Anti-SARS-CoV-2_NCP', 190, 191, 78, '2020-06-19'),
(63, 'YIG-AN-0010', 174, 221, 42, '2020-08-30'),
(64, 'PrimeStore_MTM', 208, 199, 75, '2020-07-14'),
(65, 'Lumipulse_G_SARS-CoV-2_Ag', 163, 208, 75, '2020-09-09'),
(67, 'Anti-SARS-CoV-2_NCP', 118, 219, 48, '2020-04-14'),
(69, 'Anti-SARS-CoV-2_NCP', 138, 212, 52, '2020-07-11'),
(70, 'PrimeStore_MTM', 159, 188, 70, '2020-05-17'),
(71, 'Lumipulse_G_SARS-CoV-2_Ag', 128, 210, 59, '2020-10-01'),
(74, 'Lumipulse_G_SARS-CoV-2_Ag', 174, 219, 46, '2020-09-08'),
(75, '2-Plex', 178, 215, 51, '2020-05-28'),
(77, 'PrimeStore_MTM', 187, 189, 44, '2020-11-09'),
(80, 'YIG-AN-0010', 178, 218, 43, '2020-10-05'),
(81, 'PrimeStore_MTM', 196, 218, 76, '2020-05-29'),
(89, '2-Plex', 193, 190, 46, '2020-08-08'),
(94, 'Anti-SARS-CoV-2_NCP', 137, 201, 78, '2020-08-16'),
(96, 'YIG-GM-0010', 178, 185, 47, '2020-11-18'),
(97, '2-Plex', 196, 201, 42, '2020-06-21'),
(99, 'YIG-AN-0010', 153, 217, 68, '2020-05-29'),
(99, 'YIG-GM-0010', 163, 185, 43, '2020-07-31'),
(100, '2-Plex', 194, 185, 60, '2020-04-07');


INSERT INTO lab (ID, name, address, place) VALUES
(4700, 'Interdum Analysis', 'P.O. Box 695, 2908 Metus. Road', '112'),
(4701, 'Mauris Ut Mi Analysis', 'P.O. Box 611, 6621 Ligula. Road', 'DORT'),
(4702, 'Phasellus Dapibus Quam Analysis', '3993 Condimentum. Road', 'WW'),
(4703, 'Sit Analysis', 'Ap #769-2172 Ultrices Street', 'LISB'),
(4704, 'Eu Analysis', '3613 Orci Rd.', '012'),
(4705, 'Dui Nec PC', '297-7996 At, Avenue', 'WW'),
(4706, 'Cursus Et Eros Analysis', 'P.O. Box 443, 8793 Morbi Av.', 'DORT'),
(4707, 'Lobortis Ultrices Vivamus PC', '286-6299 Curabitur St.', '113'),
(4708, 'Elementum Analysis', 'P.O. Box 761, 8115 Donec St.', 'KIELC'),
(4709, 'In Magna Phasellus Analysis', 'Ap #324-8334 A, Road', 'BOR'),
(4710, 'Pellentesque Sed PC', '142-1562 Congue Av.', '013'),
(4711, 'Nam Ltd', 'Ap #764-2525 Magna. Rd.', 'IST');


INSERT INTO result (test, tipology, lab, date_result, result) VALUES
(2, '2-Plex', 4700, '2020-08-16', '67.00'),
(2, '2-Plex', 4701, '2020-08-18', '17.00'),
(2, '2-Plex', 4705, '2020-08-17', '97.00'),
(6, '2-Plex', 4700, '2020-08-26', '67.00'),
(7, '2-Plex', 4705, '2020-10-26', '97.00'),
(12, 'PrimeStore_MTM', 4706, '2020-06-17', '97.00'),
(15, '2-Plex', 4706, '2020-07-17', '97.00'),
(17, 'YIG-AN-0010', 4702, '2020-07-07', '56.00'),
(18, 'Anti-SARS-CoV-2_NCP', 4708, '2020-09-23', '47.00'),
(19, 'Anti-SARS-CoV-2_NCP', 4708, '2020-07-25', '97.00'),
(20, 'Anti-SARS-CoV-2_NCP', 4707, '2020-07-03', '37.00'),
(22, '2-Plex', 4700, '2020-05-26', '67.00'),
(23, 'Lumipulse_G_SARS-CoV-2_Ag', 4709, '2020-10-25', '87.00'),
(34, '2-Plex', 4705, '2020-05-26', '97.00'),
(36, 'PrimeStore_MTM', 4703, '2020-07-07', '23.00'),
(39, 'Anti-SARS-CoV-2_NCP', 4708, '2020-11-23', '7.00'),
(39, 'Anti-SARS-CoV-2_NCP', 4709, '2020-11-26', '27.00'),
(41, 'YIG-GM-0010', 4709, '2020-07-29', '17.00'),
(43, '2-Plex', 4704, '2020-11-26', '97.00'),
(45, 'Lumipulse_G_SARS-CoV-2_Ag', 4708, '2020-06-30', '17.00'),
(45, 'Lumipulse_G_SARS-CoV-2_Ag', 4709, '2020-05-30', '87.00'),
(47, 'Lumipulse_G_SARS-CoV-2_Ag', 4708, '2020-07-30', '57.00'),
(48, 'Lumipulse_G_SARS-CoV-2_Ag', 4708, '2020-05-30', '17.00'),
(52, 'PrimeStore_MTM', 4703, '2020-12-07', '23.00'),
(53, 'YIG-AN-0010', 4702, '2020-11-27', '1.00'),
(54, '2-Plex', 4705, '2020-10-26', '97.00'),
(54, 'YIG-AN-0010', 4702, '2020-08-27', '17.00'),
(60, 'Anti-SARS-CoV-2_NCP', 4708, '2020-06-23', '7.00'),
(63, 'YIG-AN-0010', 4702, '2020-08-30', '56.00'),
(64, 'PrimeStore_MTM', 4705, '2020-07-17', '97.00'),
(65, 'Lumipulse_G_SARS-CoV-2_Ag', 4709, '2020-09-30', '47.00'),
(67, 'Anti-SARS-CoV-2_NCP', 4708, '2020-04-23', '77.00'),
(69, 'Anti-SARS-CoV-2_NCP', 4708, '2020-07-23', '77.00'),
(70, 'PrimeStore_MTM', 4706, '2020-07-17', '97.00'),
(71, 'Lumipulse_G_SARS-CoV-2_Ag', 4702, '2020-10-30', '7.00'),
(74, 'Lumipulse_G_SARS-CoV-2_Ag', 4702, '2020-09-30', '27.00'),
(75, '2-Plex', 4705, '2020-06-29', '97.00'),
(77, 'PrimeStore_MTM', 4705, '2020-11-17', '97.00'),
(80, 'YIG-AN-0010', 4702, '2020-10-27', '16.00'),
(81, 'PrimeStore_MTM', 4703, '2020-11-07', '83.00'),
(89, '2-Plex', 4702, '2020-08-26', '87.00'),
(89, '2-Plex', 4705, '2020-08-26', '67.00'),
(94, 'Anti-SARS-CoV-2_NCP', 4708, '2020-08-23', '37.00'),
(96, 'YIG-GM-0010', 4702, '2020-11-25', '97.00'),
(97, '2-Plex', 4705, '2020-06-26', '97.00'),
(99, 'YIG-AN-0010', 4702, '2020-05-30', '78.00'),
(99, 'YIG-GM-0010', 4708, '2020-08-05', '7.00'),
(100, '2-Plex', 4701, '2020-05-26', '37.00');